,Gender,Age,Debt,BankCustomer,YearsEmployed,PriorDefault,Employed,CreditScore,DriversLicense,ZipCode,Income,Approved,Industry_CommunicationServices,Industry_ConsumerDiscretionary,Industry_ConsumerStaples,Industry_Education,Industry_Energy,Industry_Financials,Industry_Healthcare,Industry_Industrials,Industry_InformationTechnology,Industry_Materials,Industry_Real Estate,Industry_Research,Industry_Transport,Industry_Utilities,Ethnicity_Asian,Ethnicity_Black,Ethnicity_Latino,Ethnicity_Other,Ethnicity_White,Citizen_ByBirth,Citizen_ByOtherMeans,Citizen_Temporary
314,1,16.25,0.0,0,0.25,0,0,0,0,60,0,0,0,0,1,0,0,0,0,0,0,0,0,0,0,0,0,0,0,0,1,1,0,0
619,1,18.42,10.415,0,0.125,1,0,0,0,120,375,0,0,0,1,0,0,0,0,0,0,0,0,0,0,0,0,0,0,0,1,1,0,0
529,1,43.25,25.21,1,0.21,1,1,1,0,760,90,0,0,0,0,0,0,0,0,0,0,1,0,0,0,0,0,1,0,0,0,1,0,0
4,1,20.17,5.625,1,1.71,1,0,0,0,120,0,1,0,0,0,0,0,0,0,1,0,0,0,0,0,0,0,0,0,0,1,0,1,0
681,1,27.83,1.0,0,3.0,0,0,0,0,176,537,0,0,0,0,0,0,0,0,0,0,0,1,0,0,0,0,1,0,0,0,1,0,0
117,1,52.5,6.5,1,6.29,1,1,15,0,0,11202,1,0,0,0,0,0,1,0,0,0,0,0,0,0,0,0,0,0,0,1,1,0,0
346,1,32.25,1.5,1,0.25,0,0,0,1,372,122,0,0,0,0,0,1,0,0,0,0,0,0,0,0,0,0,0,0,0,1,1,0,0
284,1,23.25,12.625,1,0.125,0,1,2,0,0,5552,0,0,0,0,0,1,0,0,0,0,0,0,0,0,0,0,0,0,0,1,1,0,0
141,0,56.5,16.0,1,0.0,1,1,15,0,0,247,1,0,0,0,0,0,0,0,0,0,0,0,1,0,0,0,0,1,0,0,1,0,0
137,1,33.58,2.75,1,4.25,1,1,6,0,204,0,1,1,0,0,0,0,0,0,0,0,0,0,0,0,0,0,0,0,0,1,1,0,0
662,0,23.5,1.5,1,0.875,0,0,0,1,160,0,0,0,0,0,0,0,0,0,1,0,0,0,0,0,0,0,0,0,0,1,1,0,0
79,1,21.5,9.75,1,0.25,1,0,0,0,140,0,0,0,0,0,0,1,0,0,0,0,0,0,0,0,0,0,0,0,0,1,1,0,0
649,0,35.17,3.75,1,0.0,0,1,6,0,0,200,0,0,0,0,0,0,0,1,0,0,0,0,0,0,0,0,0,1,0,0,1,0,0
675,0,41.58,1.04,1,0.665,0,0,0,0,240,237,0,0,0,1,0,0,0,0,0,0,0,0,0,0,0,0,0,0,0,1,1,0,0
131,1,20.42,1.835,1,2.25,1,1,1,0,100,150,1,0,0,0,0,1,0,0,0,0,0,0,0,0,0,0,0,0,0,1,1,0,0
595,1,25.75,0.75,1,0.25,1,0,0,0,349,23,1,0,0,0,0,1,0,0,0,0,0,0,0,0,0,1,0,0,0,0,1,0,0
123,0,44.17,6.665,1,7.375,1,1,3,1,0,0,1,0,0,0,0,0,0,0,0,0,1,0,0,0,0,0,0,0,0,1,1,0,0
171,1,41.33,0.0,1,15.0,1,0,0,0,0,0,1,0,0,0,0,1,0,0,0,0,0,0,0,0,0,1,0,0,0,0,1,0,0
27,1,56.58,18.5,1,15.0,1,1,17,1,0,0,1,0,0,0,0,0,0,0,0,0,0,1,0,0,0,1,0,0,0,0,1,0,0
430,1,51.83,3.0,0,1.5,0,0,0,0,180,4,0,0,0,0,0,0,0,1,0,0,0,0,0,0,0,0,0,1,0,0,1,0,0
84,1,27.25,0.625,1,0.455,1,0,0,1,200,0,0,0,0,1,0,0,0,0,0,0,0,0,0,0,0,0,0,0,0,1,1,0,0
398,1,26.17,12.5,0,1.25,0,0,0,1,0,17,0,0,0,0,0,0,1,0,0,0,0,0,0,0,0,0,1,0,0,0,1,0,0
370,1,33.0,2.5,0,7.0,0,0,0,1,280,0,0,0,0,0,0,0,0,0,1,0,0,0,0,0,0,0,0,0,0,1,1,0,0
148,0,30.5,6.5,1,4.0,1,1,7,1,0,3065,1,0,0,0,0,1,0,0,0,0,0,0,0,0,0,1,0,0,0,0,1,0,0
265,1,17.08,0.085,0,0.04,0,0,0,0,140,722,0,0,0,0,0,1,0,0,0,0,0,0,0,0,0,0,0,0,0,1,1,0,0
454,1,52.42,1.5,1,3.75,0,0,0,1,0,350,0,0,0,0,0,0,0,0,0,0,0,1,0,0,0,0,0,0,0,1,1,0,0
411,1,25.17,3.0,1,1.25,0,1,1,0,0,22,0,0,0,0,0,1,0,0,0,0,0,0,0,0,0,0,0,0,0,1,1,0,0
498,1,25.75,0.5,1,1.46,1,1,5,1,312,0,1,0,0,0,0,1,0,0,0,0,0,0,0,0,0,0,0,0,0,1,1,0,0
648,1,25.58,0.335,1,3.5,0,0,0,1,340,0,0,0,0,0,0,0,1,0,0,0,0,0,0,0,0,0,1,0,0,0,1,0,0
40,1,34.17,9.17,1,4.5,1,1,12,1,0,221,1,0,0,0,0,1,0,0,0,0,0,0,0,0,0,0,0,0,0,1,1,0,0
476,1,23.58,0.835,1,0.085,0,0,0,1,220,5,0,0,1,0,0,0,0,0,0,0,0,0,0,0,0,0,1,0,0,0,1,0,0
70,1,32.33,7.5,1,1.585,1,0,0,1,420,0,0,0,0,0,1,0,0,0,0,0,0,0,0,0,0,1,0,0,0,0,0,1,0
457,1,29.67,0.75,0,0.04,0,0,0,0,240,0,0,0,0,0,0,1,0,0,0,0,0,0,0,0,0,0,0,0,0,1,1,0,0
557,0,32.17,1.46,1,1.085,1,1,16,0,120,2079,1,0,0,0,0,0,0,0,1,0,0,0,0,0,0,0,0,0,0,1,1,0,0
620,1,22.17,2.25,1,0.125,0,0,0,0,160,10,0,0,1,0,0,0,0,0,0,0,0,0,0,0,0,0,0,0,0,1,1,0,0
54,1,34.25,3.0,1,7.415,1,0,0,1,0,0,1,0,0,0,0,0,0,0,0,1,0,0,0,0,0,0,1,0,0,0,1,0,0
205,0,35.42,12.0,1,14.0,1,1,8,0,0,6590,1,0,0,0,0,0,0,0,0,0,1,0,0,0,0,0,1,0,0,0,1,0,0
195,1,28.25,5.04,0,1.5,1,1,8,1,144,7,1,0,0,0,0,1,0,0,0,0,0,0,0,0,0,1,0,0,0,0,1,0,0
515,1,28.46,10.5,1,6.5,1,0,0,0,0,0,1,0,0,0,0,0,0,0,0,0,0,0,0,0,1,0,0,0,0,1,1,0,0
175,1,27.0,1.5,0,0.375,1,0,0,1,260,1065,1,0,0,0,0,0,0,0,1,0,0,0,0,0,0,0,0,0,0,1,1,0,0
404,1,34.0,5.085,0,1.085,0,0,0,1,480,0,0,0,1,0,0,0,0,0,0,0,0,0,0,0,0,1,0,0,0,0,1,0,0
93,1,52.33,1.375,0,9.46,1,0,0,1,200,100,0,0,0,0,0,1,0,0,0,0,0,0,0,0,0,0,1,0,0,0,1,0,0
389,1,22.92,0.17,1,0.085,0,0,0,0,0,0,0,1,0,0,0,0,0,0,0,0,0,0,0,0,0,0,0,0,0,1,0,1,0
474,1,20.67,0.415,1,0.125,0,0,0,0,0,44,0,0,0,0,0,1,0,0,0,0,0,0,0,0,0,0,0,0,0,1,1,0,0
479,1,26.5,2.71,0,0.085,0,0,0,0,80,0,0,0,0,0,0,1,0,0,0,0,0,0,0,0,0,0,0,0,0,1,0,1,0
71,1,34.83,4.0,1,12.5,1,0,0,1,0,0,0,0,0,0,0,0,0,0,0,0,0,1,0,0,0,1,0,0,0,0,1,0,0
308,1,27.75,1.29,1,0.25,0,0,0,1,140,0,0,0,0,0,0,0,1,0,0,0,0,0,0,0,0,0,1,0,0,0,0,1,0
297,1,32.92,2.5,1,1.75,0,1,2,1,720,0,0,0,0,1,0,0,0,0,0,0,0,0,0,0,0,0,0,0,0,1,1,0,0
5,1,32.08,4.0,1,2.5,1,0,0,1,360,0,1,1,0,0,0,0,0,0,0,0,0,0,0,0,0,0,0,0,0,1,1,0,0
397,0,23.58,0.585,0,0.125,0,0,0,0,120,87,0,0,0,0,0,0,0,1,0,0,0,0,0,0,0,0,0,1,0,0,1,0,0
633,1,32.42,2.165,0,0.0,0,0,0,0,120,0,0,0,0,0,0,0,1,0,0,0,0,0,0,0,0,0,0,1,0,0,1,0,0
30,1,29.25,14.79,1,5.04,1,1,5,1,168,0,1,0,0,1,0,0,0,0,0,0,0,0,0,0,0,0,0,0,0,1,1,0,0
210,1,39.33,5.875,1,10.0,1,1,14,1,399,0,1,0,0,0,0,0,0,0,0,1,0,0,0,0,0,0,1,0,0,0,1,0,0
194,1,34.5,4.04,0,8.5,1,1,7,1,195,0,1,0,1,0,0,0,0,0,0,0,0,0,0,0,0,1,0,0,0,0,1,0,0
678,0,17.92,10.21,1,0.0,0,0,0,0,0,50,0,0,0,0,0,0,0,1,0,0,0,0,0,0,0,0,0,1,0,0,1,0,0
2,0,24.5,0.5,1,1.5,1,0,0,0,280,824,1,0,0,0,0,0,0,0,0,0,1,0,0,0,0,0,1,0,0,0,1,0,0
466,1,31.08,3.085,1,2.5,0,1,2,1,160,41,0,0,0,0,0,1,0,0,0,0,0,0,0,0,0,0,0,0,0,1,1,0,0
66,0,36.0,1.0,1,2.0,1,1,11,0,0,456,1,0,0,0,0,1,0,0,0,0,0,0,0,0,0,0,0,0,0,1,1,0,0
433,1,25.25,1.0,1,0.5,0,0,0,0,200,0,0,0,0,1,0,0,0,0,0,0,0,0,0,0,0,0,0,0,0,1,1,0,0
183,0,57.08,19.5,1,5.5,1,1,7,0,0,3000,1,0,0,0,0,1,0,0,0,0,0,0,0,0,0,0,0,0,0,1,1,0,0
338,0,33.25,3.0,0,2.0,0,0,0,0,180,0,0,0,0,1,0,0,0,0,0,0,0,0,0,0,0,0,0,0,0,1,1,0,0
354,1,36.67,2.0,1,0.25,0,0,0,1,221,0,0,0,1,0,0,0,0,0,0,0,0,0,0,0,0,0,0,0,0,1,1,0,0
416,1,22.5,0.125,0,0.125,0,0,0,0,200,70,0,0,0,0,0,0,1,0,0,0,0,0,0,0,0,0,0,0,0,1,1,0,0
136,1,39.92,0.54,0,0.5,1,1,3,0,200,1000,1,0,0,1,0,0,0,0,0,0,0,0,0,0,0,0,0,0,0,1,1,0,0
83,0,28.46,3.5,1,3.0,1,0,0,1,300,0,0,0,0,0,0,0,0,0,0,0,0,1,0,0,0,0,0,0,0,1,1,0,0
685,1,21.08,10.085,0,1.25,0,0,0,0,260,0,0,0,0,0,1,0,0,0,0,0,0,0,0,0,0,0,1,0,0,0,1,0,0
85,1,37.17,4.0,1,5.0,1,0,0,1,280,0,0,0,0,0,0,1,0,0,0,0,0,0,0,0,0,1,0,0,0,0,0,1,0
377,1,20.67,0.835,0,2.0,0,0,0,1,240,0,0,0,0,0,0,1,0,0,0,0,0,0,0,0,0,0,0,0,0,1,0,1,0
325,0,29.5,1.085,0,1.0,0,0,0,0,280,13,0,0,0,0,0,0,0,0,0,0,0,0,0,0,1,0,0,0,0,1,1,0,0
244,1,18.5,2.0,1,1.5,1,1,2,0,120,300,1,0,1,0,0,0,0,0,0,0,0,0,0,0,0,0,0,0,0,1,1,0,0
173,0,49.83,13.585,1,8.5,1,0,0,1,0,0,1,0,0,0,0,0,1,0,0,0,0,0,0,0,0,0,1,0,0,0,1,0,0
245,1,33.17,3.04,0,2.04,1,1,1,1,180,18027,1,0,0,0,0,1,0,0,0,0,0,0,0,0,0,0,1,0,0,0,1,0,0
76,1,34.08,6.5,1,0.125,1,0,0,1,443,0,0,0,0,1,0,0,0,0,0,0,0,0,0,0,0,0,0,0,0,1,1,0,0
473,1,19.17,4.0,0,1.0,0,0,0,1,360,1000,0,0,1,0,0,0,0,0,0,0,0,0,0,0,0,0,0,0,0,1,1,0,0
168,1,36.67,3.25,1,9.0,1,0,0,1,102,639,1,0,0,0,0,0,0,0,0,0,1,0,0,0,0,0,1,0,0,0,1,0,0
190,1,21.33,10.5,1,3.0,1,0,0,1,0,0,1,0,0,0,0,1,0,0,0,0,0,0,0,0,0,0,0,0,0,1,1,0,0
159,1,34.08,0.08,0,0.04,1,1,1,1,280,2000,1,1,0,0,0,0,0,0,0,0,0,0,0,0,0,1,0,0,0,0,1,0,0
374,1,28.17,0.585,1,0.04,0,0,0,0,260,1004,0,0,0,1,0,0,0,0,0,0,0,0,0,0,0,0,0,0,0,1,1,0,0
98,0,22.5,11.0,0,3.0,1,0,0,1,268,0,0,0,0,0,0,0,0,0,0,0,1,0,0,0,0,0,0,0,0,1,1,0,0
41,1,28.92,15.0,1,5.335,1,1,11,0,0,2283,1,0,0,0,0,1,0,0,0,0,0,0,0,0,0,0,1,0,0,0,1,0,0
555,1,41.92,0.42,1,0.21,1,1,6,0,220,948,1,0,0,0,0,1,0,0,0,0,0,0,0,0,0,0,1,0,0,0,1,0,0
192,1,41.75,0.96,1,2.5,1,0,0,0,510,600,1,0,0,0,0,0,0,0,0,0,0,0,0,0,1,0,0,0,0,1,1,0,0
102,1,18.67,5.0,1,0.375,1,1,2,0,0,38,0,0,0,0,0,0,0,0,0,0,1,0,0,0,0,0,0,0,0,1,1,0,0
149,0,52.83,15.0,1,5.5,1,1,14,0,0,2200,1,0,0,0,0,1,0,0,0,0,0,0,0,0,0,0,0,0,0,1,1,0,0
673,1,29.5,2.0,0,2.0,0,0,0,0,256,17,0,0,0,0,1,0,0,0,0,0,0,0,0,0,0,0,1,0,0,0,1,0,0
29,1,42.08,1.04,1,5.0,1,1,6,1,500,10000,1,0,0,0,0,0,0,0,1,0,0,0,0,0,0,0,0,0,0,1,1,0,0
110,1,29.17,3.5,1,3.5,1,1,3,1,329,0,0,0,0,0,0,0,0,0,1,0,0,0,0,0,0,0,0,0,0,1,1,0,0
533,1,40.92,0.835,1,0.0,1,0,0,0,130,1,0,0,0,0,0,0,0,1,0,0,0,0,0,0,0,0,0,1,0,0,1,0,0
321,0,18.08,0.375,1,10.0,0,0,0,1,300,0,1,0,0,0,0,0,0,0,0,1,0,0,0,0,0,0,0,1,0,0,0,1,0
655,0,21.08,5.0,0,0.0,0,0,0,0,0,0,0,0,0,0,0,0,0,1,0,0,0,0,0,0,0,0,0,1,0,0,1,0,0
521,0,30.0,5.29,1,2.25,1,1,5,1,99,500,1,0,0,0,1,0,0,0,0,0,0,0,0,0,0,0,0,0,1,0,1,0,0
525,1,45.17,1.5,1,2.5,1,0,0,1,140,0,0,0,0,0,0,1,0,0,0,0,0,0,0,0,0,0,0,0,0,1,1,0,0
376,1,28.67,14.5,1,0.125,0,0,0,0,0,286,0,0,0,0,0,0,0,0,0,0,0,1,0,0,0,0,0,0,0,1,1,0,0
573,0,65.17,14.0,1,0.0,1,1,11,1,0,1400,1,0,0,0,0,0,0,1,0,0,0,0,0,0,0,0,0,1,0,0,1,0,0
357,0,19.5,0.165,1,0.04,0,0,0,1,380,0,0,0,0,0,0,0,0,0,0,0,1,0,0,0,0,0,0,0,0,1,1,0,0
546,1,23.58,0.46,0,2.625,1,1,6,1,208,347,0,0,0,0,0,0,0,0,1,0,0,0,0,0,0,0,0,0,0,1,1,0,0
638,1,28.58,3.625,1,0.25,0,0,0,1,100,0,0,0,0,1,0,0,0,0,0,0,0,0,0,0,0,0,0,0,0,1,1,0,0
225,1,23.25,4.0,1,0.25,1,0,0,1,160,0,1,0,0,0,0,1,0,0,0,0,0,0,0,0,0,1,0,0,0,0,1,0,0
254,1,28.46,0.625,1,0.25,0,0,0,0,380,2010,0,0,0,0,0,0,1,0,0,0,0,0,0,0,0,0,0,0,0,1,1,0,0
268,1,59.67,1.54,1,0.125,1,0,0,1,260,0,1,0,0,0,0,0,0,0,0,0,1,0,0,0,0,0,0,0,0,1,1,0,0
628,1,29.25,13.0,1,0.5,0,0,0,0,228,0,0,0,0,0,0,0,0,0,0,0,0,1,0,0,0,0,1,0,0,0,1,0,0
129,0,28.42,3.5,1,0.835,1,0,0,0,280,0,1,0,0,0,0,0,0,0,1,0,0,0,0,0,0,0,0,0,0,1,0,1,0
252,0,17.83,11.0,1,1.0,1,1,11,0,0,3000,1,0,0,0,0,0,0,0,0,0,0,0,0,0,1,0,1,0,0,0,1,0,0
278,1,24.58,13.5,0,0.0,0,0,0,0,0,0,0,0,0,0,0,0,0,1,0,0,0,0,0,0,0,0,0,1,0,0,1,0,0
538,1,34.25,1.75,1,0.25,1,0,0,1,163,0,0,0,0,0,0,0,0,0,1,0,0,0,0,0,0,1,0,0,0,0,1,0,0
21,1,23.25,1.0,1,0.835,1,0,0,0,300,0,1,0,0,0,0,1,0,0,0,0,0,0,0,0,0,0,0,0,0,1,0,1,0
558,1,51.42,0.04,1,0.04,1,0,0,0,0,3000,1,0,0,0,0,0,0,0,0,0,0,0,0,0,1,0,1,0,0,0,1,0,0
491,1,24.17,0.875,1,4.625,1,1,2,1,520,2000,1,0,0,0,0,0,0,0,0,0,1,0,0,0,0,0,0,0,0,1,1,0,0
599,1,20.5,2.415,1,2.0,1,1,11,1,200,3000,1,0,0,0,0,1,0,0,0,0,0,0,0,0,0,0,0,0,0,1,1,0,0
105,1,54.83,15.5,1,0.0,1,1,20,0,152,130,0,0,0,0,1,0,0,0,0,0,0,0,0,0,0,0,0,0,1,0,1,0,0
508,0,30.67,12.0,1,2.0,1,1,1,0,220,19,1,0,0,0,0,1,0,0,0,0,0,0,0,0,0,0,0,0,0,1,1,0,0
113,0,33.75,0.75,1,1.0,1,1,3,1,212,0,0,0,0,0,0,0,1,0,0,0,0,0,0,0,0,1,0,0,0,0,1,0,0
99,0,28.5,1.0,1,1.0,1,1,2,1,167,500,0,0,0,0,0,0,0,0,0,0,1,0,0,0,0,0,0,0,0,1,1,0,0
408,1,16.0,3.125,1,0.085,0,1,1,0,0,6,0,0,0,0,0,0,0,0,1,0,0,0,0,0,0,0,0,0,0,1,1,0,0
216,1,41.17,4.04,1,7.0,1,1,8,0,320,0,1,0,0,0,0,0,0,0,0,1,0,0,0,0,0,0,1,0,0,0,1,0,0
600,0,29.5,0.46,1,0.54,1,1,4,0,380,500,1,0,0,0,0,0,1,0,0,0,0,0,0,0,0,0,0,0,0,1,1,0,0
536,0,24.92,1.25,1,0.0,1,0,0,0,80,0,0,0,0,0,0,0,0,1,0,0,0,0,0,0,0,0,0,1,0,0,1,0,0
106,1,28.75,1.165,1,0.5,1,0,0,0,280,0,0,0,0,0,0,0,1,0,0,0,0,0,0,0,0,0,0,0,0,1,0,1,0
517,1,16.08,0.75,1,1.75,1,1,5,1,352,690,1,0,0,0,0,1,0,0,0,0,0,0,0,0,0,0,0,0,0,1,1,0,0
647,1,24.08,9.0,1,0.25,0,0,0,1,0,0,0,0,0,1,0,0,0,0,0,0,0,0,0,0,0,0,0,0,0,1,1,0,0
452,1,36.5,4.25,1,3.5,0,0,0,0,454,50,0,0,0,0,0,0,0,0,0,0,1,0,0,0,0,0,0,0,0,1,1,0,0
665,1,31.83,0.04,0,0.04,0,0,0,0,0,0,0,1,0,0,0,0,0,0,0,0,0,0,0,0,0,0,0,0,0,1,1,0,0
677,1,19.42,7.25,1,0.04,0,1,1,0,100,1,0,1,0,0,0,0,0,0,0,0,0,0,0,0,0,0,0,0,0,1,1,0,0
342,1,26.92,2.25,1,0.5,0,0,0,1,640,4000,0,0,1,0,0,0,0,0,0,0,0,0,0,0,0,1,0,0,0,0,1,0,0
209,1,39.5,4.25,1,6.5,1,1,16,0,117,1210,1,0,0,0,0,1,0,0,0,0,0,0,0,0,0,1,0,0,0,0,1,0,0
115,0,25.42,1.125,1,1.29,1,1,2,0,200,0,0,0,0,0,0,0,0,0,0,0,1,0,0,0,0,0,0,0,0,1,1,0,0
320,1,21.25,1.5,1,1.5,0,0,0,0,150,8,1,0,0,0,0,0,0,0,1,0,0,0,0,0,0,0,0,0,0,1,1,0,0
636,1,40.92,0.5,0,0.5,0,0,0,1,130,0,0,1,0,0,0,0,0,0,0,0,0,0,0,0,0,0,0,0,0,1,1,0,0
243,0,18.75,7.5,1,2.71,1,1,5,0,0,26726,1,0,0,0,0,0,0,0,0,0,1,0,0,0,0,0,0,0,0,1,1,0,0
588,1,26.67,1.75,0,1.0,1,1,5,1,160,5777,1,0,0,0,0,1,0,0,0,0,0,0,0,0,0,0,0,0,0,1,1,0,0
291,0,18.25,10.0,1,1.0,0,1,1,0,120,1,0,0,0,0,0,0,0,0,1,0,0,0,0,0,0,0,0,0,0,1,1,0,0
399,1,31.0,2.085,1,0.085,0,0,0,0,300,0,0,0,0,0,0,1,0,0,0,0,0,0,0,0,0,0,0,0,0,1,1,0,0
381,0,22.67,7.0,1,0.165,0,0,0,0,160,0,0,0,0,0,0,1,0,0,0,0,0,0,0,0,0,0,0,0,0,1,1,0,0
403,0,22.67,0.335,1,0.75,0,0,0,0,160,0,0,0,0,0,0,0,0,0,0,0,1,0,0,0,0,0,0,0,0,1,0,1,0
497,1,20.17,9.25,1,1.665,1,1,3,1,40,28,1,0,0,0,0,1,0,0,0,0,0,0,0,0,0,0,0,0,0,1,1,0,0
478,1,22.75,11.5,1,0.415,0,0,0,0,0,0,0,0,1,0,0,0,0,0,0,0,0,0,0,0,0,0,0,0,0,1,1,0,0
464,0,23.0,1.835,1,0.0,0,1,1,0,200,53,0,0,0,0,0,0,0,0,0,0,0,0,1,0,0,0,0,0,1,0,1,0,0
114,1,20.67,1.25,0,1.375,1,1,3,1,140,210,0,0,0,0,0,1,0,0,0,0,0,0,0,0,0,0,1,0,0,0,1,0,0
528,0,55.75,7.08,1,6.75,1,1,3,1,100,50,0,0,0,0,0,0,1,0,0,0,0,0,0,0,0,0,1,0,0,0,1,0,0
409,1,17.08,0.25,1,0.335,0,1,4,0,160,8,0,0,0,0,0,0,0,0,0,0,1,0,0,0,0,0,0,0,0,1,1,0,0
463,0,36.58,0.29,1,0.0,0,1,10,0,200,18,0,0,0,0,0,0,0,1,0,0,0,0,0,0,0,0,0,1,0,0,1,0,0
255,1,18.17,10.25,1,1.085,0,0,0,0,320,13,0,0,0,0,0,1,0,0,0,0,0,0,0,0,0,0,1,0,0,0,1,0,0
596,0,46.08,3.0,1,2.375,1,1,8,1,396,4159,1,0,0,0,0,1,0,0,0,0,0,0,0,0,0,0,0,0,0,1,1,0,0
219,0,18.92,9.25,0,1.0,1,1,4,1,80,500,1,0,0,0,0,1,0,0,0,0,0,0,0,0,0,0,0,0,0,1,1,0,0
48,1,41.5,1.54,1,3.5,0,0,0,0,216,0,1,0,1,0,0,0,0,0,0,0,0,0,0,0,0,1,0,0,0,0,1,0,0
605,0,29.58,1.75,0,1.25,0,0,0,1,280,0,0,0,0,0,0,0,1,0,0,0,0,0,0,0,0,0,0,0,0,1,1,0,0
294,0,16.08,0.335,1,0.0,0,1,1,0,160,126,0,0,0,0,0,0,0,1,0,0,0,0,0,0,0,0,0,1,0,0,1,0,0
661,1,29.83,3.5,1,0.165,0,0,0,0,216,0,0,0,0,0,0,1,0,0,0,0,0,0,0,0,0,0,0,0,0,1,1,0,0
364,1,24.42,2.0,1,0.165,0,1,2,0,320,1300,0,0,0,0,1,0,0,0,0,0,0,0,0,0,0,0,0,0,1,0,1,0,0
641,1,33.17,2.25,0,3.5,0,0,0,1,200,141,0,0,0,0,0,0,0,0,0,1,0,0,0,0,0,0,0,0,0,1,1,0,0
598,1,20.08,0.125,1,1.0,0,1,1,0,240,768,1,0,0,0,0,0,0,0,0,0,1,0,0,0,0,0,0,0,0,1,1,0,0
63,0,20.42,0.835,1,1.585,1,1,1,0,0,0,1,0,0,0,0,0,0,0,0,0,1,0,0,0,0,0,0,0,0,1,1,0,0
91,1,31.42,15.5,1,0.5,1,0,0,0,120,0,0,0,0,0,0,1,0,0,0,0,0,0,0,0,0,0,0,0,0,1,1,0,0
224,0,37.75,5.5,1,0.125,1,0,0,1,228,0,1,0,0,0,0,0,0,0,0,0,1,0,0,0,0,0,0,0,0,1,1,0,0
503,1,28.25,5.125,1,4.75,1,1,2,0,420,7,1,0,0,0,0,0,0,0,0,0,0,0,0,0,1,0,0,0,0,1,1,0,0
676,0,30.58,10.665,1,0.085,0,1,12,1,129,3,0,0,0,0,0,0,0,0,0,0,1,0,0,0,0,0,1,0,0,0,1,0,0
248,1,24.5,12.75,1,4.75,1,1,2,0,73,444,1,0,0,0,0,1,0,0,0,0,0,0,0,0,0,1,0,0,0,0,1,0,0
52,1,37.42,2.04,1,0.04,1,0,0,1,400,5800,1,0,0,0,0,0,0,0,1,0,0,0,0,0,0,0,0,0,0,1,1,0,0
197,1,48.17,7.625,1,15.5,1,1,12,0,0,790,1,0,0,0,0,0,0,0,1,0,0,0,0,0,0,0,1,0,0,0,1,0,0
571,1,21.0,3.0,0,1.085,1,1,8,1,160,1,1,0,0,0,0,0,0,0,0,0,0,1,0,0,0,0,0,0,0,1,1,0,0
642,1,31.58,0.75,0,3.5,0,0,0,1,320,0,0,0,0,1,0,0,0,0,0,0,0,0,0,0,0,0,0,0,0,1,1,0,0
163,1,32.0,1.75,0,0.04,1,0,0,1,393,0,1,0,0,0,1,0,0,0,0,0,0,0,0,0,0,0,1,0,0,0,1,0,0
652,0,22.5,0.415,1,0.335,0,0,0,1,144,0,0,0,1,0,0,0,0,0,0,0,0,0,0,0,0,0,0,0,0,1,0,1,0
227,0,22.5,8.46,0,2.46,0,0,0,0,164,0,1,0,0,0,0,0,0,0,0,0,0,0,0,0,1,0,0,0,0,1,1,0,0
177,0,26.08,8.665,1,1.415,1,0,0,0,160,150,1,0,0,1,0,0,0,0,0,0,0,0,0,0,0,0,0,0,0,1,1,0,0
669,1,51.83,2.04,0,1.5,0,0,0,0,120,1,0,0,0,0,0,0,0,1,0,0,0,0,0,0,0,0,0,1,0,0,1,0,0
671,1,25.83,12.835,1,0.5,0,0,0,0,0,2,0,0,0,0,0,0,0,0,0,1,0,0,0,0,0,0,0,0,0,1,1,0,0
331,0,33.25,2.5,0,2.5,0,0,0,1,0,2,0,0,0,0,0,1,0,0,0,0,0,0,0,0,0,0,0,0,0,1,1,0,0
617,1,32.25,14.0,0,0.0,0,1,2,0,160,1,0,0,0,0,0,0,0,1,0,0,0,0,0,0,0,0,0,1,0,0,1,0,0
348,1,63.33,0.54,1,0.585,1,1,3,1,180,0,0,0,0,0,0,1,0,0,0,0,0,0,0,0,0,0,0,0,0,1,1,0,0
372,0,45.0,4.585,1,1.0,0,0,0,1,240,0,0,0,0,0,0,0,1,0,0,0,0,0,0,0,0,0,1,0,0,0,0,1,0
312,0,16.33,0.21,1,0.125,0,0,0,0,200,1,0,0,0,1,0,0,0,0,0,0,0,0,0,0,0,0,0,0,0,1,1,0,0
550,1,76.75,22.29,1,12.75,1,1,1,1,0,109,1,0,0,0,1,0,0,0,0,0,0,0,0,0,0,0,0,0,1,0,1,0,0
256,1,20.0,11.045,1,2.0,0,0,0,1,136,0,0,0,0,0,0,1,0,0,0,0,0,0,0,0,0,0,0,0,0,1,1,0,0
43,1,39.58,13.915,1,8.625,1,1,6,1,70,0,1,0,0,0,0,0,0,0,1,0,0,0,0,0,0,0,0,0,0,1,1,0,0
58,1,35.17,4.5,1,5.75,0,0,0,1,711,0,1,0,0,0,0,0,0,0,0,0,0,0,0,0,1,0,1,0,0,0,0,1,0
584,0,28.08,15.0,0,0.0,1,0,0,0,0,13212,1,0,0,0,1,0,0,0,0,0,0,0,0,0,0,0,0,0,1,0,1,0,0
203,0,20.75,10.25,1,0.71,1,1,2,1,49,0,1,0,0,0,0,0,0,0,0,0,1,0,0,0,0,0,0,0,0,1,1,0,0
15,1,36.67,4.415,0,0.25,1,1,10,1,320,0,1,0,0,0,0,0,1,0,0,0,0,0,0,0,0,0,0,0,0,1,1,0,0
61,1,31.67,16.165,1,3.0,1,1,9,0,250,730,1,0,0,0,0,0,0,0,0,0,0,1,0,0,0,0,0,0,0,1,1,0,0
324,1,33.67,1.25,1,1.165,0,0,0,0,120,0,0,0,0,0,0,0,0,0,1,0,0,0,0,0,0,0,0,0,0,1,1,0,0
19,0,19.17,8.585,1,0.75,1,1,7,0,96,0,1,0,0,0,0,0,0,0,0,1,0,0,0,0,0,0,1,0,0,0,1,0,0
425,1,24.58,1.25,1,0.25,0,0,0,0,110,0,0,0,0,0,0,1,0,0,0,0,0,0,0,0,0,0,0,0,0,1,1,0,0
80,1,49.58,19.0,1,0.0,1,1,1,0,94,0,0,0,0,0,0,0,0,1,0,0,0,0,0,0,0,0,0,1,0,0,1,0,0
358,1,32.42,3.0,1,0.165,0,0,0,1,120,0,0,0,0,0,0,0,0,0,0,0,0,1,0,0,0,0,0,0,0,1,1,0,0
318,1,19.17,0.0,0,0.0,0,0,0,1,500,1,1,1,0,0,0,0,0,0,0,0,0,0,0,0,0,1,0,0,0,0,0,1,0
496,0,25.0,0.875,1,1.04,1,0,0,1,160,5860,1,0,0,0,0,0,0,0,0,0,0,0,0,0,1,0,1,0,0,0,1,0,0
422,1,29.42,1.25,1,1.75,0,0,0,0,200,0,0,0,0,0,0,0,0,0,1,0,0,0,0,0,0,0,0,0,0,1,1,0,0
339,1,28.0,3.0,1,0.75,0,0,0,1,300,67,0,0,0,0,0,0,0,0,1,0,0,0,0,0,0,0,0,0,0,1,1,0,0
458,1,36.17,5.5,1,5.0,0,0,0,0,210,687,0,0,1,0,0,0,0,0,0,0,0,0,0,0,0,1,0,0,0,0,1,0,0
8,1,54.42,0.5,0,3.96,1,0,0,0,180,314,1,0,0,0,0,0,1,0,0,0,0,0,0,0,0,0,1,0,0,0,1,0,0
501,1,39.0,5.0,1,3.5,1,1,10,1,0,0,1,0,0,0,0,0,0,0,0,1,0,0,0,0,0,0,0,0,0,1,1,0,0
12,0,38.25,6.0,1,1.0,1,0,0,1,0,0,1,0,0,0,0,0,1,0,0,0,0,0,0,0,0,0,0,0,0,1,1,0,0
428,1,49.17,2.29,1,0.29,0,0,0,0,200,3,0,0,0,0,0,0,0,1,0,0,0,0,0,0,0,0,0,1,0,0,1,0,0
527,0,57.08,0.335,1,1.0,1,0,0,1,252,2197,0,0,1,0,0,0,0,0,0,0,0,0,0,0,0,1,0,0,0,0,1,0,0
382,0,24.33,2.5,0,4.5,0,0,0,0,200,456,0,0,1,0,0,0,0,0,0,0,0,0,0,0,0,1,0,0,0,0,1,0,0
523,0,22.5,8.5,1,1.75,1,1,10,0,80,990,0,0,0,0,0,0,0,0,0,0,1,0,0,0,0,0,0,0,0,1,1,0,0
363,1,16.92,0.335,0,0.29,0,0,0,0,200,0,0,0,0,0,0,0,1,0,0,0,0,0,0,0,0,0,0,0,0,1,0,1,0
92,1,28.46,5.0,0,8.5,1,0,0,0,0,0,0,0,0,1,0,0,0,0,0,0,0,0,0,0,0,0,0,0,0,1,1,0,0
170,0,25.08,2.54,0,0.25,1,0,0,1,370,0,1,0,0,1,0,0,0,0,0,0,0,0,0,0,0,0,0,0,0,1,1,0,0
306,1,23.5,2.75,1,4.5,0,0,0,0,160,25,0,0,0,0,0,0,0,1,0,0,0,0,0,0,0,0,0,1,0,0,1,0,0
418,1,38.42,0.705,1,0.375,0,1,2,0,225,500,0,0,0,0,0,1,0,0,0,0,0,0,0,0,0,0,0,0,0,1,1,0,0
417,1,23.58,1.79,1,0.54,0,0,0,1,136,1,0,0,0,0,0,1,0,0,0,0,0,0,0,0,0,0,0,0,0,1,1,0,0
594,1,38.67,0.21,1,0.085,1,0,0,1,280,0,1,0,0,0,0,0,1,0,0,0,0,0,0,0,0,0,0,0,0,1,1,0,0
334,1,34.75,2.5,1,0.5,0,0,0,0,348,0,0,0,0,0,0,0,0,0,0,1,0,0,0,0,0,1,0,0,0,0,1,0,0
234,0,58.42,21.0,1,10.0,1,1,13,0,0,6700,1,0,1,0,0,0,0,0,0,0,0,0,0,0,0,1,0,0,0,0,1,0,0
323,1,48.58,0.205,0,0.25,1,1,11,0,380,2732,1,0,0,0,0,0,1,0,0,0,0,0,0,0,0,0,0,0,0,1,1,0,0
229,1,22.08,11.0,1,0.665,1,0,0,0,100,0,1,0,0,0,0,0,0,0,0,1,0,0,0,0,0,0,0,0,0,1,1,0,0
74,1,44.83,7.0,0,1.625,0,0,0,0,160,2,0,0,0,0,0,1,0,0,0,0,0,0,0,0,0,0,0,0,0,1,1,0,0
436,1,19.58,0.585,1,0.0,0,1,3,0,350,769,0,0,0,0,0,0,0,1,0,0,0,0,0,0,0,0,0,1,0,0,1,0,0
360,0,30.25,5.5,1,5.5,0,0,0,1,100,0,0,0,0,0,0,0,1,0,0,0,0,0,0,0,0,0,0,0,0,1,0,1,0
562,1,23.33,1.5,1,1.415,1,0,0,0,422,200,1,0,0,0,0,1,0,0,0,0,0,0,0,0,0,0,1,0,0,0,1,0,0
277,0,18.17,10.0,0,0.165,0,0,0,0,340,0,0,0,0,0,0,0,0,0,0,0,1,0,0,0,0,0,1,0,0,0,1,0,0
461,1,24.08,0.875,1,0.085,0,1,4,0,254,1950,0,1,0,0,0,0,0,0,0,0,0,0,0,0,0,0,0,0,0,1,1,0,0
618,1,29.58,4.75,1,2.0,0,1,1,1,460,68,0,1,0,0,0,0,0,0,0,0,0,0,0,0,0,0,0,0,0,1,1,0,0
349,1,27.83,1.5,1,2.25,0,1,1,1,100,3,0,0,0,0,0,0,0,0,1,0,0,0,0,0,0,0,0,0,0,1,1,0,0
481,1,23.5,3.165,0,0.415,0,1,1,1,280,80,0,0,0,0,0,0,1,0,0,0,0,0,0,0,0,0,0,0,0,1,1,0,0
89,0,49.0,1.5,1,0.0,1,0,0,1,100,27,0,0,0,0,0,0,0,0,0,0,0,0,1,0,0,0,0,0,1,0,1,0,0
552,1,34.75,15.0,1,5.375,1,1,9,1,0,134,1,0,0,0,0,0,0,0,0,0,0,0,0,1,0,0,0,0,1,0,1,0,0
637,1,19.5,9.585,1,0.79,0,0,0,0,80,350,0,0,0,1,0,0,0,0,0,0,0,0,0,0,0,0,0,0,0,1,1,0,0
400,1,20.75,5.085,0,0.29,0,0,0,0,140,184,0,0,0,0,0,0,0,0,0,0,0,0,1,0,0,0,0,0,0,1,1,0,0
387,1,21.17,0.0,1,0.5,0,0,0,1,0,0,0,0,0,0,0,1,0,0,0,0,0,0,0,0,0,0,0,0,0,1,0,1,0
212,1,60.08,14.5,1,18.0,1,1,15,1,0,1000,1,0,0,0,0,0,0,1,0,0,0,0,0,0,0,0,0,1,0,0,1,0,0
218,1,53.92,9.625,1,8.665,1,1,5,0,0,0,1,0,0,0,1,0,0,0,0,0,0,0,0,0,0,0,0,0,0,1,1,0,0
100,1,37.5,1.75,0,0.25,1,0,0,1,164,400,0,0,0,0,0,1,0,0,0,0,0,0,0,0,0,1,0,0,0,0,1,0,0
289,0,21.75,1.75,0,0.0,0,0,0,0,160,0,0,0,0,0,0,0,0,0,0,0,0,0,1,0,0,0,0,0,1,0,1,0,0
56,1,23.17,0.0,1,0.085,1,0,0,0,0,0,1,0,0,0,0,0,0,0,0,1,0,0,0,0,0,0,0,0,0,1,1,0,0
293,1,35.75,2.415,1,0.125,0,1,2,0,220,1,0,0,0,0,0,0,0,0,1,0,0,0,0,0,0,0,0,0,0,1,1,0,0
125,1,34.92,5.0,1,7.5,1,1,6,1,0,1000,1,0,0,0,0,0,0,0,0,0,0,0,0,0,1,0,1,0,0,0,1,0,0
69,1,35.17,25.125,1,1.625,1,1,1,1,515,500,1,0,0,0,0,0,0,0,0,0,0,0,0,0,1,0,1,0,0,0,1,0,0
153,1,23.08,2.5,1,1.085,1,1,11,1,60,2184,1,0,0,0,0,1,0,0,0,0,0,0,0,0,0,0,0,0,0,1,1,0,0
359,0,36.75,4.71,1,0.0,0,0,0,0,160,0,0,0,0,0,0,0,0,1,0,0,0,0,0,0,0,0,0,1,0,0,1,0,0
329,1,28.46,4.0,0,0.085,0,0,0,1,411,0,0,0,1,0,0,0,0,0,0,0,0,0,0,0,0,0,0,0,0,1,1,0,0
506,0,18.92,9.0,1,0.75,1,1,2,0,88,591,1,0,0,1,0,0,0,0,0,0,0,0,0,0,0,0,0,0,0,1,1,0,0
132,0,47.42,8.0,1,6.5,1,1,6,0,375,51100,1,0,0,0,1,0,0,0,0,0,0,0,0,0,0,1,0,0,0,0,1,0,0
608,1,28.46,0.04,0,4.25,0,0,0,1,460,0,0,0,0,0,0,0,0,0,0,0,0,1,0,0,0,0,0,0,0,1,1,0,0
343,1,33.75,2.75,1,0.0,0,0,0,0,180,0,0,0,1,0,0,0,0,0,0,0,0,0,0,0,0,1,0,0,0,0,1,0,0
480,0,16.92,0.5,1,0.165,0,1,6,1,240,35,0,0,1,0,0,0,0,0,0,0,0,0,0,0,0,0,0,0,0,1,1,0,0
388,1,26.67,14.585,1,0.0,0,0,0,1,178,0,0,0,1,0,0,0,0,0,0,0,0,0,0,0,0,1,0,0,0,0,1,0,0
434,1,58.58,2.71,1,2.415,0,0,0,1,320,0,0,0,0,0,0,1,0,0,0,0,0,0,0,0,0,0,0,0,0,1,1,0,0
232,1,33.5,1.75,1,4.5,1,1,4,1,253,857,1,0,0,0,0,0,0,0,0,0,0,0,0,0,1,0,1,0,0,0,1,0,0
455,1,36.17,18.125,1,0.085,0,0,0,0,320,3552,0,0,0,0,0,0,0,0,1,0,0,0,0,0,0,0,0,0,0,1,1,0,0
42,1,29.67,1.415,1,0.75,1,1,1,0,240,100,1,0,0,0,0,0,0,0,1,0,0,0,0,0,0,0,1,0,0,0,1,0,0
345,1,62.75,7.0,1,0.0,0,0,0,0,0,12,0,0,0,0,1,0,0,0,0,0,0,0,0,0,0,0,0,0,1,0,1,0,0
553,1,38.58,3.335,1,4.0,1,1,14,0,383,1344,1,0,0,0,0,0,0,0,1,0,0,0,0,0,0,0,0,0,0,1,1,0,0
81,0,27.67,1.5,1,2.0,1,0,0,0,368,0,0,1,0,0,0,0,0,0,0,0,0,0,0,0,0,0,0,0,0,1,0,1,0
574,0,20.33,10.0,1,1.0,1,1,4,0,50,1465,1,0,0,0,0,1,0,0,0,0,0,0,0,0,0,0,1,0,0,0,1,0,0
563,1,24.42,12.335,1,1.585,1,0,0,1,120,0,1,0,0,0,0,0,0,0,0,0,1,0,0,0,0,0,1,0,0,0,1,0,0
465,0,27.58,3.0,1,2.79,0,1,1,1,280,10,0,1,0,0,0,0,0,0,0,0,0,0,0,0,0,0,0,0,0,1,1,0,0
286,0,28.46,1.5,1,0.0,0,1,2,1,200,105,0,0,0,0,0,0,0,1,0,0,0,0,0,0,0,0,0,1,0,0,1,0,0
208,1,35.17,2.5,1,4.5,1,1,7,0,150,1270,1,0,0,0,0,0,1,0,0,0,0,0,0,0,0,0,0,0,0,1,1,0,0
445,0,28.46,11.25,1,0.0,0,0,0,0,0,5200,0,0,0,0,0,0,0,1,0,0,0,0,0,0,0,0,0,1,0,0,1,0,0
668,1,30.33,0.5,1,0.085,0,0,0,1,252,0,0,0,0,0,0,0,0,0,0,0,0,1,0,0,0,0,1,0,0,0,0,1,0
274,1,30.67,2.5,1,2.25,0,0,0,1,340,0,0,0,0,0,0,0,0,0,0,1,0,0,0,0,0,0,1,0,0,0,0,1,0
413,1,40.58,1.5,1,0.0,0,0,0,0,300,0,0,0,1,0,0,0,0,0,0,0,0,0,0,0,0,1,0,0,0,0,0,1,0
75,1,20.67,5.29,1,0.375,1,1,1,0,160,0,0,0,0,0,0,0,0,0,0,0,1,0,0,0,0,0,0,0,0,1,1,0,0
116,1,37.75,7.0,1,11.5,1,1,7,1,300,5,0,0,0,0,0,0,0,0,0,0,1,0,0,0,0,0,1,0,0,0,1,0,0
635,1,18.17,2.46,1,0.96,0,1,2,1,160,587,0,0,0,0,0,1,0,0,0,0,0,0,0,0,0,0,0,0,1,0,1,0,0
431,1,22.92,3.165,0,0.165,0,0,0,0,160,1058,0,0,0,0,0,1,0,0,0,0,0,0,0,0,0,0,0,0,0,1,1,0,0
544,1,30.08,1.04,0,0.5,1,1,10,1,132,28,0,0,1,0,0,0,0,0,0,0,0,0,0,0,0,1,0,0,0,0,1,0,0
122,0,24.75,12.5,1,1.5,1,1,12,1,120,567,1,0,0,1,0,0,0,0,0,0,0,0,0,0,0,0,0,0,0,1,1,0,0
396,1,29.83,2.04,0,0.04,0,0,0,0,128,1,0,0,0,0,0,0,0,0,0,0,0,0,0,0,1,0,1,0,0,0,1,0,0
371,1,26.33,13.0,1,0.0,0,0,0,1,140,1110,0,0,0,0,1,0,0,0,0,0,0,0,0,0,0,0,0,0,1,0,1,0,0
602,1,29.83,1.25,0,0.25,0,0,0,0,224,0,0,0,0,0,0,0,1,0,0,0,0,0,0,0,0,0,0,0,0,1,1,0,0
238,1,42.83,4.625,1,4.58,1,0,0,0,0,0,1,0,0,0,0,0,0,0,0,0,1,0,0,0,0,0,0,0,0,1,0,1,0
625,1,23.75,12.0,1,2.085,0,0,0,0,80,0,0,0,0,0,0,1,0,0,0,0,0,0,0,0,0,0,0,0,0,1,0,1,0
526,1,41.58,1.75,1,0.21,1,0,0,0,160,0,0,0,0,0,0,0,1,0,0,0,0,0,0,0,0,0,0,0,0,1,1,0,0
446,1,16.5,0.125,1,0.165,0,0,0,0,132,0,0,0,0,0,0,1,0,0,0,0,0,0,0,0,0,0,0,0,0,1,1,0,0
472,1,17.42,6.5,1,0.125,0,0,0,0,60,100,0,0,1,0,0,0,0,0,0,0,0,0,0,0,0,0,0,0,0,1,1,0,0
26,0,47.0,13.0,1,5.165,1,1,9,1,0,0,1,0,1,0,0,0,0,0,0,0,0,0,0,0,0,1,0,0,0,0,1,0,0
391,1,39.92,5.0,1,0.21,0,0,0,0,550,0,0,0,1,0,0,0,0,0,0,0,0,0,0,0,0,1,0,0,0,0,1,0,0
601,1,42.25,1.75,0,0.0,0,0,0,1,150,1,0,0,0,0,0,1,0,0,0,0,0,0,0,0,0,0,0,0,0,1,1,0,0
150,0,46.67,0.46,1,0.415,1,1,11,1,440,6,1,0,0,0,0,0,0,0,0,1,0,0,0,0,0,0,1,0,0,0,1,0,0
427,1,37.5,0.835,1,0.04,0,0,0,0,120,5,0,0,0,0,1,0,0,0,0,0,0,0,0,0,0,0,0,0,0,1,1,0,0
504,0,28.75,3.75,1,1.085,1,1,1,1,371,0,1,0,0,0,0,1,0,0,0,0,0,0,0,0,0,0,0,0,0,1,1,0,0
624,1,21.58,0.79,0,0.665,0,0,0,0,160,0,0,0,0,0,0,0,0,0,0,1,0,0,0,0,0,0,0,0,0,1,1,0,0
272,1,18.08,6.75,0,0.04,0,0,0,0,140,0,0,1,0,0,0,0,0,0,0,0,0,0,0,0,0,0,0,0,0,1,1,0,0
14,0,45.83,10.5,1,5.0,1,1,7,1,0,0,1,0,0,0,0,0,0,0,0,0,1,0,0,0,0,0,0,0,0,1,1,0,0
262,0,48.17,1.335,1,0.335,0,0,0,0,0,120,0,0,1,0,0,0,0,0,0,0,0,0,0,0,0,0,0,0,1,0,1,0,0
512,0,44.33,0.0,1,2.5,1,0,0,0,0,0,1,0,0,0,0,1,0,0,0,0,0,0,0,0,0,0,0,0,0,1,1,0,0
59,1,43.25,3.0,1,6.0,1,1,11,0,80,0,1,0,0,0,0,0,0,0,0,0,1,0,0,0,0,0,1,0,0,0,1,0,0
185,1,48.75,8.5,1,12.5,1,1,9,0,181,1655,1,0,0,0,0,1,0,0,0,0,0,0,0,0,0,0,1,0,0,0,1,0,0
17,0,23.25,5.875,1,3.17,1,1,10,0,120,245,1,0,0,0,0,0,0,0,0,0,1,0,0,0,0,0,0,0,0,1,1,0,0
683,1,36.42,0.75,0,0.585,0,0,0,0,240,3,0,0,0,0,0,0,0,0,0,0,0,1,0,0,0,0,0,0,0,1,1,0,0
328,1,34.83,2.5,0,3.0,0,0,0,0,200,0,0,0,0,0,0,0,0,0,1,0,0,0,0,0,0,0,0,0,0,1,0,1,0
495,1,19.17,9.5,1,1.5,1,0,0,0,120,2206,1,0,0,0,0,0,0,0,1,0,0,0,0,0,0,0,0,0,0,1,1,0,0
353,1,30.75,1.585,1,0.585,0,0,0,1,0,0,0,0,0,0,0,0,0,0,0,0,0,1,0,0,0,0,0,0,0,1,0,1,0
355,0,16.0,0.165,1,1.0,0,1,2,1,320,1,0,0,0,1,0,0,0,0,0,0,0,0,0,0,0,0,0,0,0,1,1,0,0
402,0,51.92,6.5,1,3.085,0,0,0,1,73,0,0,0,1,0,0,0,0,0,0,0,0,0,0,0,0,1,0,0,0,0,1,0,0
267,0,32.0,6.0,1,1.25,0,0,0,0,272,0,0,0,0,0,0,0,0,0,0,0,0,1,0,0,0,0,0,0,0,1,1,0,0
475,1,26.75,2.0,1,0.75,0,0,0,1,80,0,0,0,0,0,0,0,0,0,0,0,0,1,0,0,0,0,0,0,0,1,1,0,0
639,1,35.58,0.75,1,1.5,0,0,0,1,231,0,0,0,0,0,0,0,1,0,0,0,0,0,0,0,0,0,0,0,0,1,1,0,0
470,0,21.92,11.665,1,0.085,0,0,0,0,320,5,0,0,0,0,0,0,1,0,0,0,0,0,0,0,0,0,1,0,0,0,1,0,0
135,1,48.58,6.5,1,6.0,1,0,0,1,350,0,1,0,0,0,0,0,0,0,0,0,1,0,0,0,0,0,1,0,0,0,1,0,0
502,0,64.08,0.165,1,0.0,1,1,1,0,232,100,1,0,0,0,0,0,0,1,0,0,0,0,0,0,0,0,0,1,0,0,1,0,0
94,1,28.75,1.5,0,1.5,1,0,0,1,0,225,0,0,0,0,0,1,0,0,0,0,0,0,0,0,0,0,0,0,0,1,1,0,0
196,1,33.17,3.165,0,3.165,1,1,3,1,380,0,1,0,0,0,0,0,0,0,0,0,0,0,0,0,1,0,0,0,0,1,1,0,0
6,1,33.17,1.04,1,6.5,1,0,0,1,164,31285,1,0,0,0,0,0,0,0,0,0,0,0,0,1,0,0,1,0,0,0,1,0,0
77,0,19.17,0.585,0,0.585,1,0,0,1,160,0,0,0,0,1,0,0,0,0,0,0,0,0,0,0,0,0,0,0,0,1,1,0,0
467,0,30.42,1.375,1,0.04,0,1,3,0,0,33,0,0,0,0,0,0,0,0,1,0,0,0,0,0,0,0,1,0,0,0,1,0,0
541,1,42.75,3.0,1,1.0,1,0,0,0,0,200,0,0,1,0,0,0,0,0,0,0,0,0,0,0,0,1,0,0,0,0,1,0,0
640,1,34.17,2.75,1,2.5,0,0,0,1,232,200,0,0,1,0,0,0,0,0,0,0,0,0,0,0,0,1,0,0,0,0,1,0,0
437,0,53.33,0.165,1,0.0,0,0,0,1,62,27,0,0,0,0,0,0,0,1,0,0,0,0,0,0,0,0,0,1,0,0,0,1,0
101,1,35.25,16.5,0,4.0,1,0,0,0,80,0,0,0,0,0,0,1,0,0,0,0,0,0,0,0,0,0,0,0,0,1,1,0,0
315,1,23.0,0.75,1,0.5,1,0,0,1,320,0,0,1,0,0,0,0,0,0,0,0,0,0,0,0,0,0,0,0,0,1,0,1,0
395,0,33.08,1.625,1,0.54,0,0,0,1,0,0,0,0,0,0,0,0,0,0,0,0,0,1,0,0,0,0,0,0,0,1,1,0,0
60,1,56.75,12.25,1,1.25,1,1,4,1,200,0,1,1,0,0,0,0,0,0,0,0,0,0,0,0,0,0,0,0,0,1,1,0,0
441,1,39.58,5.0,1,0.0,0,1,2,0,17,1,0,0,0,0,0,0,0,1,0,0,0,0,0,0,0,0,0,1,0,0,1,0,0
72,0,38.58,5.0,1,13.5,1,0,0,1,980,0,0,0,0,0,0,0,0,0,0,1,0,0,0,0,0,0,0,0,0,1,1,0,0
487,1,24.5,13.335,0,0.04,0,0,0,1,120,475,0,0,0,1,0,0,0,0,0,0,0,0,0,0,0,0,0,0,0,1,1,0,0
689,1,35.0,3.375,1,8.29,0,0,0,1,0,0,0,0,0,0,0,1,0,0,0,0,0,0,0,0,0,0,1,0,0,0,1,0,0
119,0,20.75,10.335,1,0.335,1,1,1,1,80,50,1,0,0,0,0,0,0,0,0,1,0,0,0,0,0,0,1,0,0,0,1,0,0
134,1,32.67,5.5,1,5.5,1,1,12,1,408,1000,1,0,0,0,0,0,0,0,0,0,1,0,0,0,0,0,1,0,0,0,1,0,0
275,1,18.58,5.71,1,0.54,0,0,0,0,120,0,0,0,0,0,0,0,0,0,0,0,0,1,0,0,0,0,0,0,0,1,1,0,0
51,1,26.0,1.0,1,1.75,1,0,0,1,280,0,1,0,0,0,0,0,0,0,0,0,1,0,0,0,0,0,0,0,0,1,1,0,0
160,1,27.67,2.0,1,1.0,1,1,4,0,140,7544,1,0,0,0,0,0,0,0,0,0,0,0,0,0,1,0,1,0,0,0,1,0,0
283,0,16.5,1.25,1,0.25,0,1,1,0,108,98,0,0,0,0,0,0,0,0,0,0,1,0,0,0,0,0,0,0,0,1,1,0,0
365,1,42.83,1.25,1,13.875,0,1,1,1,352,112,0,1,0,0,0,0,0,0,0,0,0,0,0,0,0,0,0,0,0,1,1,0,0
589,1,25.33,0.58,1,0.29,1,1,7,1,96,5124,1,0,0,0,0,1,0,0,0,0,0,0,0,0,0,0,0,0,0,1,1,0,0
151,0,58.33,10.0,1,4.0,1,1,14,0,0,1602,1,0,0,0,0,0,0,0,0,0,1,0,0,0,0,0,0,0,0,1,1,0,0
439,1,25.92,0.875,1,0.375,0,1,2,1,174,3,0,0,0,0,0,0,1,0,0,0,0,0,0,0,0,0,0,0,0,1,1,0,0
242,1,28.33,5.0,1,11.0,1,0,0,1,70,0,1,0,0,0,0,0,0,0,1,0,0,0,0,0,0,0,0,0,0,1,1,0,0
494,0,18.83,4.415,0,3.0,1,0,0,0,240,0,1,0,0,0,0,1,0,0,0,0,0,0,0,0,0,0,1,0,0,0,1,0,0
500,1,28.46,4.0,1,5.0,1,1,3,1,290,2279,1,0,0,0,0,0,0,0,0,0,0,0,0,0,1,0,0,0,0,1,1,0,0
73,1,44.25,0.5,1,10.75,1,0,0,0,400,0,0,1,0,0,0,0,0,0,0,0,0,0,0,0,0,0,0,0,0,1,0,1,0
82,1,39.83,0.5,1,0.25,1,0,0,0,288,0,0,1,0,0,0,0,0,0,0,0,0,0,0,0,0,0,0,0,0,1,0,1,0
485,1,74.83,19.0,0,0.04,0,1,2,0,0,351,0,0,0,0,0,0,0,1,0,0,0,0,0,0,0,0,0,1,0,0,1,0,0
259,0,24.5,1.75,0,0.165,0,0,0,0,132,0,0,0,0,0,0,1,0,0,0,0,0,0,0,0,0,0,0,0,0,1,1,0,0
65,1,34.17,1.54,1,1.54,1,1,1,1,520,50000,1,0,0,0,0,0,0,0,0,1,0,0,0,0,0,0,0,0,0,1,1,0,0
335,1,27.67,0.75,1,0.165,0,0,0,1,220,251,0,0,0,0,0,0,0,0,0,0,1,0,0,0,0,0,1,0,0,0,1,0,0
575,1,32.25,0.165,0,3.25,1,1,1,1,432,8000,1,0,0,0,0,1,0,0,0,0,0,0,0,0,0,0,1,0,0,0,1,0,0
593,1,34.17,5.25,1,0.085,0,0,0,1,290,6,1,0,0,0,0,0,0,0,1,0,0,0,0,0,0,0,0,0,0,1,1,0,0
67,1,25.5,0.375,1,0.25,1,1,3,0,260,15108,1,1,0,0,0,0,0,0,0,0,0,0,0,0,0,0,0,0,0,1,1,0,0
161,1,44.0,2.0,1,1.75,1,1,2,1,0,15,1,1,0,0,0,0,0,0,0,0,0,0,0,0,0,0,0,0,0,1,1,0,0
664,1,31.08,1.5,0,0.04,0,0,0,0,160,0,0,0,0,0,0,0,0,0,1,0,0,0,0,0,0,0,0,0,0,1,0,1,0
509,1,21.0,4.79,0,2.25,1,1,1,1,80,300,1,0,0,0,0,0,0,0,1,0,0,0,0,0,0,0,0,0,0,1,1,0,0
28,1,57.42,8.5,1,7.0,1,1,3,0,0,0,1,0,0,0,1,0,0,0,0,0,0,0,0,0,0,0,1,0,0,0,1,0,0
31,1,42.0,9.79,1,7.96,1,1,8,0,0,0,1,0,0,0,0,0,0,0,0,0,0,0,0,0,1,0,1,0,0,0,1,0,0
611,1,27.58,3.25,0,5.085,0,1,2,1,369,1,0,0,0,0,0,0,0,0,0,0,1,0,0,0,0,0,1,0,0,0,1,0,0
302,1,23.42,1.0,1,0.5,0,0,0,1,280,0,0,0,0,0,0,1,0,0,0,0,0,0,0,0,0,0,0,0,0,1,0,1,0
162,1,25.08,1.71,1,1.665,1,1,1,1,395,20,1,0,0,0,0,0,0,0,0,0,0,0,0,0,1,0,0,0,0,1,1,0,0
298,1,16.33,2.75,1,0.665,0,1,1,0,80,21,0,0,0,1,0,0,0,0,0,0,0,0,0,0,0,0,0,0,0,1,1,0,0
322,0,33.67,0.375,1,0.375,0,0,0,0,300,44,1,0,0,0,0,0,0,0,0,1,0,0,0,0,0,0,0,0,0,1,1,0,0
656,1,25.67,3.25,1,2.29,0,1,1,1,416,21,0,0,0,0,0,1,0,0,0,0,0,0,0,0,0,0,1,0,0,0,1,0,0
103,1,25.0,12.0,1,2.25,1,1,2,1,120,5,0,0,0,0,0,0,1,0,0,0,0,0,0,0,0,0,0,0,0,1,1,0,0
549,1,48.33,12.0,1,16.0,1,0,0,0,110,0,1,1,0,0,0,0,0,0,0,0,0,0,0,0,0,0,0,0,0,1,0,1,0
305,1,48.75,26.335,0,0.0,1,0,0,1,0,0,0,0,0,0,0,0,0,1,0,0,0,0,0,0,0,0,0,1,0,0,1,0,0
138,0,18.83,9.5,1,1.625,1,1,6,1,40,600,1,0,0,0,0,0,0,0,1,0,0,0,0,0,0,0,0,0,0,1,1,0,0
412,0,22.67,0.79,1,0.085,0,0,0,0,144,0,0,0,1,0,0,0,0,0,0,0,0,0,0,0,0,0,0,0,0,1,1,0,0
261,0,52.17,0.0,0,0.0,0,0,0,0,0,0,0,0,0,0,0,0,0,1,0,0,0,0,0,0,0,0,0,1,0,0,1,0,0
386,1,22.58,1.5,0,0.54,0,0,0,1,120,67,0,0,0,1,0,0,0,0,0,0,0,0,0,0,0,0,0,0,0,1,1,0,0
35,1,27.83,1.5,1,2.0,1,1,11,1,434,35,1,0,0,0,0,0,0,0,1,0,0,0,0,0,0,0,0,0,0,1,1,0,0
258,0,20.75,9.54,1,0.04,0,0,0,0,200,1000,0,0,1,0,0,0,0,0,0,0,0,0,0,0,0,0,0,0,0,1,1,0,0
350,0,26.17,2.0,1,0.0,0,0,0,1,276,1,0,0,0,0,0,0,0,0,0,0,0,0,1,0,0,0,0,0,1,0,1,0,0
299,1,22.17,12.125,1,3.335,0,1,2,1,180,173,0,0,0,0,0,1,0,0,0,0,0,0,0,0,0,0,0,0,0,1,1,0,0
375,0,20.83,0.5,0,1.0,0,0,0,0,260,0,0,0,0,0,1,0,0,0,0,0,0,0,0,0,0,0,0,0,1,0,1,0,0
626,1,22.0,7.835,0,0.165,0,0,0,1,0,0,0,0,1,0,0,0,0,0,0,0,0,0,0,0,0,1,0,0,0,0,1,0,0
142,1,43.0,0.29,0,1.75,1,1,8,0,100,375,1,0,0,0,0,0,0,0,0,1,0,0,0,0,0,0,1,0,0,0,1,0,0
309,0,31.75,3.0,0,0.0,0,0,0,0,160,20,0,0,0,0,0,0,0,0,0,0,0,0,1,0,0,0,0,0,1,0,1,0,0
181,0,21.25,2.335,1,0.5,1,1,4,0,80,0,1,0,1,0,0,0,0,0,0,0,0,0,0,0,0,1,0,0,0,0,0,1,0
627,1,36.08,2.54,1,0.0,0,0,0,0,0,1000,0,0,0,0,0,0,0,1,0,0,0,0,0,0,0,0,0,1,0,0,1,0,0
206,0,71.58,0.0,1,0.0,0,0,0,0,0,0,1,0,0,0,0,1,0,0,0,0,0,0,0,0,0,0,0,0,0,1,0,0,1
174,1,22.67,10.5,1,1.335,1,0,0,0,100,0,1,0,0,0,0,0,0,0,0,0,1,0,0,0,0,0,1,0,0,0,1,0,0
246,1,45.0,8.5,1,14.0,1,1,1,1,88,2000,1,0,0,0,0,0,0,0,0,1,0,0,0,0,0,0,1,0,0,0,1,0,0
95,0,28.58,3.54,1,0.5,1,0,0,1,171,0,0,0,1,0,0,0,0,0,0,0,0,0,0,0,0,1,0,0,0,0,1,0,0
204,1,36.33,2.125,0,0.085,1,1,1,0,50,1187,1,0,0,0,0,0,0,0,1,0,0,0,0,0,0,0,0,0,0,1,1,0,0
572,1,21.92,0.54,0,0.04,1,1,1,1,840,59,1,0,0,0,0,0,0,0,0,0,0,0,0,0,1,0,0,0,0,1,1,0,0
385,1,34.0,5.5,0,1.5,0,0,0,1,60,0,0,0,0,0,0,1,0,0,0,0,0,0,0,0,0,0,0,0,0,1,1,0,0
560,0,25.0,12.33,1,3.5,1,1,6,0,400,458,1,0,0,0,0,0,0,0,0,1,0,0,0,0,0,0,1,0,0,0,1,0,0
490,0,47.25,0.75,1,2.75,1,1,1,0,333,892,1,0,0,0,0,0,0,0,0,0,1,0,0,0,0,0,1,0,0,0,1,0,0
632,0,38.75,1.5,1,0.0,0,0,0,0,76,0,0,0,0,0,0,0,0,1,0,0,0,0,0,0,0,0,0,1,0,0,1,0,0
16,1,28.25,0.875,1,0.96,1,1,3,1,396,0,1,1,0,0,0,0,0,0,0,0,0,0,0,0,0,0,0,0,0,1,1,0,0
295,0,31.92,3.125,1,3.04,0,1,2,1,200,4,0,0,0,0,0,0,0,1,0,0,0,0,0,0,0,0,0,1,0,0,1,0,0
539,1,80.25,5.5,1,0.54,1,0,0,0,0,340,0,0,0,0,0,1,0,0,0,0,0,0,0,0,0,0,0,0,0,1,1,0,0
176,1,25.0,12.5,1,3.0,1,0,0,1,20,0,1,0,0,1,0,0,0,0,0,0,0,0,0,0,0,0,0,0,0,1,0,1,0
580,1,31.67,0.83,1,1.335,1,1,8,1,303,3290,1,0,0,0,0,0,0,0,0,0,0,0,0,0,1,0,0,0,0,1,1,0,0
158,1,28.0,2.0,1,4.165,1,1,2,1,181,0,1,0,0,0,0,0,1,0,0,0,0,0,0,0,0,0,1,0,0,0,1,0,0
178,0,18.42,9.25,1,1.21,1,1,4,0,60,540,1,0,0,0,0,0,0,0,0,0,1,0,0,0,0,0,0,0,0,1,1,0,0
609,1,47.83,4.165,1,0.085,0,0,0,1,520,0,0,0,0,0,0,0,0,0,0,0,0,0,0,0,1,1,0,0,0,0,1,0,0
213,1,23.08,11.5,1,3.5,1,1,9,0,56,742,1,0,1,0,0,0,0,0,0,0,0,0,0,0,0,0,0,0,0,1,1,0,0
679,0,20.08,1.25,1,0.0,0,0,0,0,0,0,0,0,0,0,0,1,0,0,0,0,0,0,0,0,0,0,0,0,0,1,1,0,0
534,1,31.83,2.5,1,7.5,1,0,0,1,523,0,0,0,0,1,0,0,0,0,0,0,0,0,0,0,0,0,0,0,0,1,1,0,0
587,1,51.58,15.0,1,8.5,1,1,9,0,0,0,1,0,0,0,0,1,0,0,0,0,0,0,0,0,0,0,0,0,0,1,1,0,0
68,1,19.42,6.5,1,1.46,1,1,7,0,80,2954,1,0,0,0,0,0,0,0,1,0,0,0,0,0,0,0,1,0,0,0,1,0,0
53,1,34.92,2.5,1,0.0,1,0,0,1,239,200,1,0,0,0,0,0,0,0,1,0,0,0,0,0,0,0,0,0,0,1,1,0,0
187,1,40.58,5.0,1,5.0,1,1,7,0,0,3065,1,0,0,0,0,1,0,0,0,0,0,0,0,0,0,0,0,0,0,1,1,0,0
368,0,23.58,11.5,0,3.0,0,0,0,1,20,16,0,0,0,0,0,0,1,0,0,0,0,0,0,0,0,0,1,0,0,0,1,0,0
645,1,37.33,2.665,1,0.165,0,0,0,1,0,501,0,0,0,0,0,0,0,0,0,1,0,0,0,0,0,0,0,0,0,1,1,0,0
144,1,27.25,1.665,1,5.085,1,1,9,0,399,827,1,0,0,0,0,0,0,0,0,1,0,0,0,0,0,0,1,0,0,0,1,0,0
556,1,29.58,4.5,1,7.5,1,1,2,1,330,0,1,0,0,0,0,0,0,0,1,0,0,0,0,0,0,0,0,0,0,1,1,0,0
154,1,32.75,1.5,1,5.5,1,1,3,1,0,0,1,0,0,0,0,0,0,0,0,1,0,0,0,0,0,0,1,0,0,0,1,0,0
561,1,26.75,1.125,1,1.25,1,0,0,0,0,5298,1,0,0,0,0,0,0,0,0,0,0,0,0,0,1,0,1,0,0,0,1,0,0
369,1,21.42,0.75,0,0.75,0,0,0,1,132,2,0,0,0,0,0,0,0,0,0,0,0,0,0,1,0,0,0,0,1,0,1,0,0
124,0,23.5,9.0,1,8.5,1,1,5,1,120,0,1,0,0,0,0,0,0,0,0,0,1,0,0,0,0,0,0,0,0,1,1,0,0
296,1,69.17,9.0,1,4.0,0,1,1,0,70,6,0,0,0,0,0,0,0,1,0,0,0,0,0,0,0,0,0,1,0,0,1,0,0
658,0,15.75,0.375,1,1.0,0,0,0,0,120,18,0,0,0,0,0,1,0,0,0,0,0,0,0,0,0,0,0,0,0,1,1,0,0
25,0,15.83,0.585,1,1.5,1,1,2,0,100,0,1,0,0,0,0,1,0,0,0,0,0,0,0,0,0,0,1,0,0,0,1,0,0
34,0,22.58,10.75,1,0.415,1,1,5,1,0,560,1,0,0,0,0,0,0,0,0,0,1,0,0,0,0,0,0,0,0,1,1,0,0
237,1,21.33,7.5,1,1.415,1,1,1,0,80,9800,1,0,0,1,0,0,0,0,0,0,0,0,0,0,0,0,0,0,0,1,1,0,0
394,1,41.17,1.25,0,0.25,0,0,0,0,0,195,0,0,0,0,0,0,0,0,1,0,0,0,0,0,0,0,0,0,0,1,1,0,0
109,0,19.75,0.75,1,0.795,1,1,5,1,140,5,0,0,0,0,0,1,0,0,0,0,0,0,0,0,0,0,0,0,0,1,1,0,0
616,1,22.67,0.75,1,1.585,0,1,1,1,400,9,0,0,1,0,0,0,0,0,0,0,0,0,0,0,0,0,0,0,0,1,1,0,0
49,1,23.92,0.665,1,0.165,0,0,0,0,100,0,1,0,0,0,0,1,0,0,0,0,0,0,0,0,0,0,0,0,0,1,1,0,0
390,1,15.17,7.0,1,1.0,0,0,0,0,600,0,0,0,0,0,1,0,0,0,0,0,0,0,0,0,0,0,0,0,0,1,1,0,0
507,0,24.75,3.0,1,1.835,1,1,19,0,0,500,1,0,0,0,0,0,0,0,0,0,1,0,0,0,0,0,1,0,0,0,1,0,0
545,1,44.25,11.0,0,1.5,1,0,0,0,0,0,0,0,0,0,0,0,0,0,0,0,0,1,0,0,0,0,0,0,0,1,0,1,0
440,1,23.08,0.0,1,1.0,0,1,11,0,0,0,0,0,0,0,0,0,1,0,0,0,0,0,0,0,0,0,0,0,0,1,0,1,0
166,1,19.33,9.5,1,1.0,1,0,0,1,60,400,1,0,0,0,0,0,0,0,0,0,1,0,0,0,0,0,0,0,0,1,1,0,0
450,1,28.46,3.0,0,7.0,0,0,0,0,0,1,0,0,1,0,0,0,0,0,0,0,0,0,0,0,0,1,0,0,0,0,1,0,0
39,1,54.58,9.415,1,14.415,1,1,11,1,30,300,1,0,0,0,0,0,0,1,0,0,0,0,0,0,0,0,0,1,0,0,1,0,0
384,1,22.08,11.46,1,1.585,0,0,0,1,100,1212,0,0,0,0,0,0,1,0,0,0,0,0,0,0,0,0,0,0,0,1,1,0,0
108,1,40.92,2.25,0,10.0,1,0,0,1,176,0,0,0,0,0,0,0,0,0,0,0,0,0,0,0,1,0,1,0,0,0,1,0,0
24,0,41.17,6.5,1,0.5,1,1,3,1,145,0,1,0,0,0,0,0,0,0,0,0,1,0,0,0,0,0,0,0,0,1,1,0,0
577,1,25.17,6.0,1,1.0,1,1,3,0,0,0,1,0,0,0,0,1,0,0,0,0,0,0,0,0,0,0,0,0,0,1,1,0,0
266,1,18.33,1.21,0,0.0,0,0,0,0,100,0,0,0,0,0,1,0,0,0,0,0,0,0,0,0,0,0,0,0,1,0,1,0,0
510,1,13.75,4.0,0,1.75,1,1,2,1,120,1000,1,0,0,0,0,0,0,0,1,0,0,0,0,0,0,0,0,0,0,1,1,0,0
520,1,20.42,7.5,1,1.5,1,1,1,0,160,234,1,0,0,0,0,0,1,0,0,0,0,0,0,0,0,0,0,0,0,1,1,0,0
333,0,25.25,12.5,1,1.0,0,0,0,1,180,1062,0,0,0,0,0,0,0,0,0,0,0,1,0,0,0,0,0,0,0,1,1,0,0
186,1,40.0,6.5,1,3.5,1,1,1,0,0,500,1,0,0,1,0,0,0,0,0,0,0,0,0,0,0,1,0,0,0,0,1,0,0
200,0,24.08,0.5,1,1.25,1,1,1,0,0,678,1,0,0,0,0,0,0,0,0,0,1,0,0,0,0,0,1,0,0,0,1,0,0
643,0,52.5,7.0,1,3.0,0,0,0,0,0,0,0,0,0,1,0,0,0,0,0,0,0,0,0,0,0,0,1,0,0,0,1,0,0
530,0,25.33,2.085,1,2.75,1,0,0,1,360,1,0,0,0,0,0,1,0,0,0,0,0,0,0,0,0,0,1,0,0,0,1,0,0
442,1,30.58,2.71,0,0.125,0,0,0,1,80,0,0,1,0,0,0,0,0,0,0,0,0,0,0,0,0,0,0,0,0,1,0,1,0
1,0,58.67,4.46,1,3.04,1,1,6,0,43,560,1,0,0,0,0,0,0,0,0,0,1,0,0,0,0,0,1,0,0,0,1,0,0
332,1,34.08,2.5,1,1.0,0,0,0,0,460,16,0,0,0,0,0,1,0,0,0,0,0,0,0,0,0,0,0,0,0,1,1,0,0
180,1,47.67,0.29,1,15.0,1,1,20,0,0,15000,1,0,0,0,0,1,0,0,0,0,0,0,0,0,0,1,0,0,0,0,1,0,0
585,1,73.42,17.75,1,0.0,1,0,0,1,0,0,1,0,0,0,0,0,0,1,0,0,0,0,0,0,0,0,0,1,0,0,1,0,0
3,1,27.83,1.54,1,3.75,1,1,5,1,100,3,1,0,0,0,0,0,0,0,1,0,0,0,0,0,0,0,0,0,0,1,1,0,0
405,0,69.5,6.0,1,0.0,0,0,0,0,0,0,0,0,0,0,0,0,0,1,0,0,0,0,0,0,0,0,0,1,0,0,0,1,0
13,1,48.08,6.04,1,0.04,0,0,0,0,0,2690,1,0,0,0,0,0,1,0,0,0,0,0,0,0,0,0,0,0,0,1,1,0,0
307,1,18.58,10.29,1,0.415,0,0,0,0,80,0,0,0,0,0,0,0,0,1,0,0,0,0,0,0,0,0,0,1,0,0,1,0,0
257,1,20.0,0.0,1,0.5,0,0,0,0,144,0,0,0,0,0,0,0,0,0,0,0,0,1,0,0,0,0,0,0,0,1,1,0,0
651,0,15.83,7.625,1,0.125,0,1,1,1,0,160,0,0,0,0,0,0,0,0,0,0,1,0,0,0,0,0,0,0,0,1,1,0,0
610,1,20.0,1.25,0,0.125,0,0,0,0,140,4,0,0,0,0,0,0,1,0,0,0,0,0,0,0,0,0,0,0,0,1,1,0,0
188,0,28.67,1.04,1,2.5,1,1,5,1,300,1430,1,0,0,0,0,1,0,0,0,0,0,0,0,0,0,0,0,0,0,1,1,0,0
280,1,21.17,0.875,0,0.25,0,0,0,0,280,204,0,0,0,0,0,1,0,0,0,0,0,0,0,0,0,0,1,0,0,0,1,0,0
514,1,22.67,2.54,0,2.585,1,0,0,0,0,0,1,0,0,0,0,1,0,0,0,0,0,0,0,0,0,0,1,0,0,0,1,0,0
281,1,23.92,0.585,0,0.125,0,0,0,0,240,1,0,0,0,0,0,0,0,0,0,1,0,0,0,0,0,0,1,0,0,0,1,0,0
366,0,22.75,6.165,1,0.165,0,0,0,0,220,1000,0,0,0,1,0,0,0,0,0,0,0,0,0,0,0,0,0,0,0,1,1,0,0
654,0,23.58,0.83,1,0.415,0,1,1,1,200,11,0,0,0,0,0,0,0,0,0,0,1,0,0,0,0,0,0,0,0,1,1,0,0
682,1,17.08,3.29,1,0.335,0,0,0,1,140,2,0,0,1,0,0,0,0,0,0,0,0,0,0,0,0,0,0,0,0,1,1,0,0
104,1,27.83,4.0,0,5.75,1,1,2,1,75,0,0,0,1,0,0,0,0,0,0,0,0,0,0,0,0,0,1,0,0,0,1,0,0
540,1,19.42,1.5,0,2.0,1,0,0,1,100,20,0,0,0,0,0,0,0,0,0,1,0,0,0,0,0,0,0,0,0,1,1,0,0
361,1,23.08,2.5,1,0.085,0,0,0,1,100,4208,0,0,0,0,0,0,0,1,0,0,0,0,0,0,0,0,0,1,0,0,1,0,0
686,0,22.67,0.75,1,2.0,0,1,2,1,200,394,0,0,0,0,0,1,0,0,0,0,0,0,0,0,0,0,0,0,0,1,1,0,0
316,1,21.17,0.25,0,0.25,0,0,0,0,280,204,0,0,0,0,0,1,0,0,0,0,0,0,0,0,0,0,1,0,0,0,1,0,0
64,1,26.67,4.25,1,4.29,1,1,1,1,120,0,1,0,0,0,0,0,0,0,0,1,0,0,0,0,0,0,0,0,0,1,1,0,0
111,0,24.5,1.04,0,0.5,1,1,3,0,180,147,0,0,0,0,0,0,0,1,0,0,0,0,0,0,0,0,0,1,0,0,1,0,0
10,1,22.08,0.83,1,2.165,0,0,0,1,128,0,1,0,0,0,0,1,0,0,0,0,0,0,0,0,0,0,1,0,0,0,1,0,0
657,0,38.92,1.665,1,0.25,0,0,0,0,0,390,0,0,0,1,0,0,0,0,0,0,0,0,0,0,0,0,0,0,0,1,1,0,0
140,0,31.25,3.75,1,0.625,1,1,9,1,181,0,1,0,0,0,0,0,0,0,0,1,0,0,0,0,0,0,1,0,0,0,1,0,0
351,1,22.17,0.585,0,0.0,0,0,0,0,100,0,0,0,0,0,0,0,0,1,0,0,0,0,0,0,0,0,0,1,0,0,1,0,0
537,1,35.25,3.165,1,3.75,1,0,0,1,680,0,0,0,0,0,0,0,0,0,0,0,0,0,0,0,1,0,1,0,0,0,1,0,0
456,1,34.58,0.0,1,0.0,0,0,0,0,0,0,0,0,0,0,0,1,0,0,0,0,0,0,0,0,0,0,0,0,0,1,0,0,1
543,1,36.33,3.79,1,1.165,1,0,0,1,200,0,0,0,0,0,0,0,0,0,1,0,0,0,0,0,0,0,0,0,0,1,1,0,0
449,1,20.0,7.0,1,0.5,0,0,0,0,0,0,0,0,0,0,0,1,0,0,0,0,0,0,0,0,0,0,0,0,0,1,1,0,0
477,1,39.17,2.5,0,10.0,0,0,0,1,200,0,0,0,1,0,0,0,0,0,0,0,0,0,0,0,0,0,1,0,0,0,0,1,0
146,1,23.25,1.5,1,2.375,1,1,3,1,0,582,1,0,0,0,0,0,0,0,0,0,1,0,0,0,0,0,0,0,0,1,1,0,0
172,1,56.0,12.5,1,8.0,1,0,0,1,24,2028,1,0,0,0,0,0,1,0,0,0,0,0,0,0,0,0,1,0,0,0,1,0,0
383,0,56.83,4.25,0,5.0,0,0,0,1,0,4,0,0,0,0,0,0,0,1,0,0,0,0,0,0,0,0,0,1,0,0,1,0,0
233,1,27.67,13.75,1,5.75,1,0,0,1,487,500,1,0,0,0,0,0,0,0,1,0,0,0,0,0,0,0,0,0,0,1,1,0,0
547,1,23.92,1.5,1,1.875,1,1,6,0,200,327,1,0,0,0,0,0,0,0,0,0,0,1,0,0,0,0,1,0,0,0,1,0,0
672,0,50.25,0.835,1,0.5,0,0,0,1,240,117,0,0,0,1,0,0,0,0,0,0,0,0,0,0,0,0,0,0,0,1,1,0,0
489,1,45.33,1.0,1,0.125,0,0,0,1,263,0,0,0,0,0,0,0,0,0,0,0,1,0,0,0,0,0,0,0,0,1,1,0,0
97,1,28.46,0.5,1,0.835,1,0,0,1,320,0,0,0,0,0,0,1,0,0,0,0,0,0,0,0,0,1,0,0,0,0,0,1,0
459,1,25.67,0.29,0,1.5,0,0,0,1,160,0,0,0,0,0,0,1,0,0,0,0,0,0,0,0,0,0,0,0,0,1,1,0,0
330,1,20.42,0.0,1,0.0,0,0,0,0,0,0,0,0,0,0,0,1,0,0,0,0,0,0,0,0,0,0,0,0,0,1,0,0,1
201,0,41.33,1.0,1,2.25,1,0,0,1,0,300,1,0,1,0,0,0,0,0,0,0,0,0,0,0,0,1,0,0,0,0,1,0,0
420,1,35.0,2.5,1,1.0,0,0,0,1,210,0,0,0,1,0,0,0,0,0,0,0,0,0,0,0,0,0,0,0,0,1,1,0,0
220,0,50.08,12.54,1,2.29,1,1,3,1,156,0,1,0,0,1,0,0,0,0,0,0,0,0,0,0,0,0,0,0,0,1,1,0,0
231,0,47.42,3.0,1,13.875,1,1,2,1,519,1704,1,0,0,0,0,0,0,0,0,0,0,0,0,0,1,0,0,0,0,1,1,0,0
532,1,43.17,2.25,1,0.75,1,0,0,0,560,0,0,0,1,0,0,0,0,0,0,0,0,0,0,0,0,1,0,0,0,0,1,0,0
226,1,18.08,5.5,1,0.5,1,0,0,0,80,0,1,0,0,0,0,0,1,0,0,0,0,0,0,0,0,0,0,0,0,1,1,0,0
112,1,24.58,12.5,1,0.875,1,0,0,1,260,0,0,0,0,0,0,0,0,0,1,0,0,0,0,0,0,0,0,0,0,1,1,0,0
251,1,41.42,5.0,1,5.0,1,1,6,1,470,0,1,0,0,0,0,0,0,0,0,0,1,0,0,0,0,0,1,0,0,0,1,0,0
304,0,24.75,13.665,1,1.5,0,0,0,0,280,1,0,0,0,0,0,0,0,0,0,0,1,0,0,0,0,0,1,0,0,0,1,0,0
273,1,38.25,10.125,0,0.125,0,0,0,0,160,0,0,0,0,0,0,0,1,0,0,0,0,0,0,0,0,0,0,0,0,1,1,0,0
401,1,28.92,0.375,1,0.29,0,0,0,0,220,140,0,0,0,0,0,1,0,0,0,0,0,0,0,0,0,0,0,0,0,1,1,0,0
336,1,47.33,6.5,1,1.0,0,0,0,1,0,228,0,0,0,0,0,1,0,0,0,0,0,0,0,0,0,0,0,0,0,1,1,0,0
674,0,37.33,2.5,1,0.21,0,0,0,0,260,246,0,0,1,0,0,0,0,0,0,0,0,0,0,0,0,0,1,0,0,0,1,0,0
631,0,27.25,0.29,1,0.125,0,1,1,1,272,108,0,1,0,0,0,0,0,0,0,0,0,0,0,0,0,0,1,0,0,0,1,0,0
670,1,47.17,5.835,1,5.5,0,0,0,0,465,150,0,0,0,0,0,0,0,0,1,0,0,0,0,0,0,0,0,0,0,1,1,0,0
147,0,40.33,7.54,0,8.0,1,1,14,0,0,2300,1,0,0,0,0,0,0,0,0,0,1,0,0,0,0,0,1,0,0,0,1,0,0
88,1,34.0,4.5,1,1.0,1,0,0,1,240,0,0,0,0,1,0,0,0,0,0,0,0,0,0,0,0,0,0,0,0,1,1,0,0
215,1,48.17,3.5,1,3.5,1,0,0,0,230,0,1,0,0,1,0,0,0,0,0,0,0,0,0,0,0,0,0,0,0,1,0,1,0
249,1,21.83,11.0,1,0.29,1,1,6,0,121,0,1,0,0,0,0,0,0,0,0,0,0,0,0,0,1,0,0,0,0,1,1,0,0
222,0,17.58,9.0,1,1.375,1,0,0,1,0,0,1,0,0,1,0,0,0,0,0,0,0,0,0,0,0,0,0,0,0,1,1,0,0
207,1,28.67,9.335,1,5.665,1,1,6,0,381,168,1,0,0,0,0,0,0,0,0,0,1,0,0,0,0,0,1,0,0,0,1,0,0
622,0,25.58,0.0,1,0.0,0,0,0,0,0,0,1,0,0,0,0,1,0,0,0,0,0,0,0,0,0,0,0,0,0,1,0,0,1
133,1,36.25,5.0,1,2.5,1,1,6,0,0,367,1,0,0,0,0,1,0,0,0,0,0,0,0,0,0,1,0,0,0,0,1,0,0
380,1,43.17,5.0,1,2.25,0,0,0,1,141,0,0,0,1,0,0,0,0,0,0,0,0,0,0,0,0,1,0,0,0,0,1,0,0
630,0,22.92,1.25,1,0.25,0,0,0,1,120,809,0,0,0,0,0,0,0,0,0,0,1,0,0,0,0,0,0,0,0,1,1,0,0
684,1,40.58,3.29,1,3.5,0,0,0,1,400,0,0,1,0,0,0,0,0,0,0,0,0,0,0,0,0,0,0,0,0,1,0,1,0
228,1,19.67,0.375,1,2.0,1,1,2,1,80,0,1,0,0,0,0,0,0,0,0,0,1,0,0,0,0,0,0,0,0,1,1,0,0
554,0,22.42,11.25,0,0.75,1,1,4,0,0,321,1,0,0,0,0,0,0,0,0,0,0,0,0,0,1,0,1,0,0,0,1,0,0
263,0,20.42,10.5,0,0.0,0,0,0,1,154,32,0,0,0,0,0,0,0,0,0,0,0,0,0,0,1,0,1,0,0,0,1,0,0
250,1,40.25,21.5,1,20.0,1,1,11,0,0,1200,1,0,0,0,1,0,0,0,0,0,0,0,0,0,0,0,0,0,1,0,1,0,0
55,1,23.33,11.625,0,0.835,1,0,0,1,160,300,1,0,0,0,0,0,0,0,1,0,0,0,0,0,0,0,0,0,0,1,1,0,0
235,0,20.67,1.835,1,2.085,1,1,5,0,220,2503,1,0,0,0,0,0,0,0,0,0,1,0,0,0,0,0,0,0,0,1,1,0,0
184,0,22.42,5.665,1,2.585,1,1,7,0,129,3257,1,0,0,0,0,0,0,0,0,0,1,0,0,0,0,0,0,0,0,1,1,0,0
484,1,34.67,1.08,1,1.165,0,0,0,0,28,0,0,1,0,0,0,0,0,0,0,0,0,0,0,0,0,0,0,0,0,1,0,1,0
687,0,25.25,13.5,0,2.0,0,1,1,1,200,1,0,0,0,0,0,0,0,1,0,0,0,0,0,0,0,0,0,1,0,0,1,0,0
356,1,41.17,1.335,1,0.165,0,0,0,0,168,0,0,0,0,0,0,0,0,0,0,0,0,1,0,0,0,0,0,0,0,1,1,0,0
214,1,26.67,2.71,0,5.25,1,1,1,0,211,0,1,0,0,0,0,0,0,0,0,1,0,0,0,0,0,0,0,0,0,1,1,0,0
285,1,17.58,10.0,1,0.165,0,1,1,0,120,1,0,0,0,0,0,0,0,0,1,0,0,0,0,0,0,0,1,0,0,0,1,0,0
516,0,60.92,5.0,1,4.0,1,1,4,0,0,99,1,0,0,1,0,0,0,0,0,0,0,0,0,0,0,0,0,0,0,1,1,0,0
179,1,20.17,8.17,1,1.96,1,1,14,0,60,158,1,0,0,1,0,0,0,0,0,0,0,0,0,0,0,0,0,0,0,1,1,0,0
597,0,21.5,6.0,1,2.5,1,1,3,0,80,918,1,0,0,1,0,0,0,0,0,0,0,0,0,0,0,0,0,0,0,1,1,0,0
36,1,27.25,1.585,1,1.835,1,1,12,1,583,713,1,0,0,0,0,0,0,0,0,1,0,0,0,0,0,0,1,0,0,0,1,0,0
567,0,25.17,2.875,1,0.875,1,0,0,0,360,0,1,0,0,0,0,0,0,0,0,0,0,0,0,0,1,0,1,0,0,0,1,0,0
621,1,22.67,0.165,1,2.25,0,0,0,1,0,0,1,0,0,0,0,1,0,0,0,0,0,0,0,0,0,0,0,0,1,0,0,1,0
650,1,48.08,3.75,1,1.0,0,0,0,0,100,2,0,0,1,0,0,0,0,0,0,0,0,0,0,0,0,1,0,0,0,0,1,0,0
486,1,28.17,0.125,0,0.085,0,0,0,0,216,2100,0,0,0,0,0,0,1,0,0,0,0,0,0,0,0,0,0,0,0,1,1,0,0
407,0,19.58,0.665,0,1.0,0,1,1,0,2000,2,0,0,0,0,0,1,0,0,0,0,0,0,0,0,0,0,0,0,0,1,1,0,0
347,1,26.75,4.5,0,2.5,0,0,0,0,200,1210,0,0,0,0,0,1,0,0,0,0,0,0,0,0,0,1,0,0,0,0,1,0,0
340,0,39.08,4.0,1,3.0,0,0,0,0,480,0,0,0,0,0,0,1,0,0,0,0,0,0,0,0,0,0,0,0,0,1,1,0,0
45,1,54.33,6.75,1,2.625,1,1,11,1,0,284,1,0,0,0,0,1,0,0,0,0,0,0,0,0,0,0,1,0,0,0,1,0,0
469,1,16.33,4.085,1,0.415,0,0,0,1,120,0,0,0,1,0,0,0,0,0,0,0,0,0,0,0,0,0,1,0,0,0,1,0,0
426,0,27.67,2.04,1,0.25,0,0,0,1,180,50,0,0,0,0,0,0,0,0,1,0,0,0,0,0,0,0,0,0,0,1,1,0,0
107,0,25.0,11.0,0,4.5,1,0,0,0,120,0,0,0,0,1,0,0,0,0,0,0,0,0,0,0,0,0,0,0,0,1,1,0,0
579,1,39.08,6.0,1,1.29,1,1,5,1,108,1097,1,1,0,0,0,0,0,0,0,0,0,0,0,0,0,0,0,0,0,1,1,0,0
240,1,20.5,10.0,0,2.5,1,0,0,0,40,0,1,0,0,0,0,1,0,0,0,0,0,0,0,0,0,0,0,0,0,1,0,1,0
90,1,62.5,12.75,0,5.0,1,0,0,0,112,0,0,0,0,0,0,1,0,0,0,0,0,0,0,0,0,0,1,0,0,0,1,0,0
290,1,23.0,0.75,1,0.5,0,0,0,1,320,0,0,1,0,0,0,0,0,0,0,0,0,0,0,0,0,0,0,0,0,1,0,1,0
247,0,19.67,0.21,1,0.29,1,1,11,0,80,99,1,0,0,0,0,0,0,0,0,0,1,0,0,0,0,0,1,0,0,0,1,0,0
493,0,20.5,11.835,1,6.0,1,0,0,0,340,0,1,0,0,0,0,1,0,0,0,0,0,0,0,0,0,0,1,0,0,0,1,0,0
0,1,30.83,0.0,1,1.25,1,1,1,0,202,0,1,0,0,0,0,0,0,0,1,0,0,0,0,0,0,0,0,0,0,1,1,0,0
591,1,27.0,0.75,1,4.25,1,1,3,1,312,150,1,0,0,0,0,1,0,0,0,0,0,0,0,0,0,0,1,0,0,0,1,0,0
164,0,60.58,16.5,1,11.0,1,0,0,1,21,10561,1,0,0,0,0,0,0,0,0,0,1,0,0,0,0,0,0,0,0,1,1,0,0
22,0,47.75,8.0,1,7.875,1,1,6,1,0,1260,1,0,0,0,0,1,0,0,0,0,0,0,0,0,0,0,0,0,0,1,1,0,0
319,1,36.75,0.125,0,1.5,0,0,0,1,232,113,1,0,0,0,0,1,0,0,0,0,0,0,0,0,0,0,0,0,0,1,1,0,0
18,1,21.83,0.25,1,0.665,1,0,0,1,0,0,1,0,0,0,0,0,0,0,0,0,0,1,0,0,0,0,1,0,0,0,1,0,0
327,1,40.83,3.5,1,0.5,0,0,0,0,1160,0,0,0,1,0,0,0,0,0,0,0,0,0,0,0,0,1,0,0,0,0,0,1,0
460,0,24.5,2.415,0,0.0,0,0,0,0,120,0,0,0,0,0,0,1,0,0,0,0,0,0,0,0,0,0,0,0,0,1,1,0,0
217,1,55.92,11.5,1,5.0,1,1,5,0,0,8851,1,0,0,0,0,0,0,1,0,0,0,0,0,0,0,0,0,1,0,0,1,0,0
223,0,18.83,9.54,1,0.085,1,0,0,0,100,0,1,0,0,1,0,0,0,0,0,0,0,0,0,0,0,0,0,0,0,1,1,0,0
566,1,23.08,11.5,1,2.125,1,1,11,1,290,284,1,0,0,0,0,0,0,0,1,0,0,0,0,0,0,0,1,0,0,0,1,0,0
130,1,67.75,5.5,1,13.0,1,1,1,1,0,0,1,0,0,0,1,0,0,0,0,0,0,0,0,0,0,0,0,0,1,0,1,0,0
492,1,39.25,9.5,1,6.5,1,1,14,0,240,4607,1,1,0,0,0,0,0,0,0,0,0,0,0,0,0,0,0,0,0,1,1,0,0
239,1,38.17,10.125,1,2.5,1,1,6,0,520,196,1,0,0,0,0,0,0,0,0,0,0,0,0,0,1,0,0,0,0,1,1,0,0
663,1,32.08,4.0,0,1.5,0,0,0,1,120,0,0,0,0,0,0,0,0,0,0,1,0,0,0,0,0,0,0,0,0,1,1,0,0
9,1,42.5,4.915,0,3.165,1,0,0,1,52,1442,1,0,0,0,0,0,0,0,1,0,0,0,0,0,0,0,0,0,0,1,1,0,0
438,0,27.17,1.25,1,0.0,0,1,1,0,92,300,0,0,0,0,0,0,0,1,0,0,0,0,0,0,0,0,0,1,0,0,1,0,0
126,1,47.67,2.5,1,2.5,1,1,12,1,410,2510,1,1,0,0,0,0,0,0,0,0,0,0,0,0,0,1,0,0,0,0,1,0,0
303,0,15.92,2.875,1,0.085,0,0,0,0,120,0,0,0,0,0,0,0,0,0,0,0,1,0,0,0,0,0,0,0,0,1,1,0,0
542,1,19.67,10.0,0,0.835,1,0,0,1,140,0,0,0,0,0,0,0,1,0,0,0,0,0,0,0,0,0,1,0,0,0,1,0,0
612,1,22.0,0.79,1,0.29,0,1,1,0,420,283,0,0,0,0,0,0,0,0,1,0,0,0,0,0,0,0,0,0,0,1,1,0,0
444,0,17.67,0.0,0,0.0,0,0,0,0,86,0,0,0,0,0,0,0,0,0,0,0,0,0,1,0,0,0,0,1,0,0,1,0,0
423,1,26.17,0.835,1,1.165,0,0,0,0,100,0,0,0,0,0,0,0,0,0,0,1,0,0,0,0,0,0,0,0,0,1,1,0,0
